{"cameraMode":{"drawMode":0,"name":"Shaded","section":"Shading Mode"},"sceneLighting":true,"audioPlay":false,"sceneViewState":{"showFog":false,"showMaterialUpdate":false,"showSkybox":true,"showFlares":false,"showImageEffects":false,"showParticleSystems":false},"in2DMode":false,"pivot":{"x":11.329217910766602,"y":33.299041748046878,"z":-66.87358093261719},"rotation":{"x":-0.13867424428462983,"y":-0.07273022085428238,"z":0.01021002046763897,"w":-0.987616777420044},"size":21.35529327392578,"orthographic":false}